{
"lengthUnit": "mil",
"components": {
	"fields": ["COMPONENT_NO", "COMPONENT_NAME", "LAYER", "X_COORDINATE", "Y_COORDINATE", "ANGLE"],
	"rows": [
		[1, "LEFT", "T", 710, -550, 0],
		[2, "R1", "T", 1575, -688.98, 0],
		[3, "R3", "B", 1050, -840, 180],
		[4, "R4", "B", 900, -840, 0],
		[5, "R5", "B", 750, -840, 0],
		[6, "R6", "B", 600, -840, 0],
		[7, "R8", "B", 544.34, -291.15, 90],
		[8, "R9", "B", 445, -290, 90],
		[9, "RIGHT", "T", 2440, -550, 0],
		[10, "SCREW1", "T", 202.5, -553.68, 0],
		[11, "SCREW2", "T", 2952.11, -553.68, 0],
		[12, "SD", "T", 2676.84, -110, 0],
		[13, "U1", "B", 10, -1090, 0],
		[14, "U4", "B", 2785, -605, 0]
	]
},
"pins": {
	"fields": ["PIN_NO", "PIN_NAME", "PIN_X", "PIN_Y", "LAYER", "PIN_TYPE", "NET_NAME", "NET_TYPE", "PAD_SHAPE", "PAD_SIZEX", "PAD_SIZEY", "HOLE_SIZE", "PAD_ANGLE"],
	"rows": [
		[1, "LEFT_1", 576.14, -490.94, "T", "SMD", "GND", "GND", "R", 55.12, 35.43, 0, 0],
		[2, "LEFT_2", 843.86, -490.94, "T", "SMD", "GND", "GND", "R", 55.12, 35.43, 0, 0],
		[3, "LEFT_3", 576.14, -609.06, "T", "SMD", "LEFT", "", "R", 55.12, 35.43, 0, 0],
		[4, "LEFT_4", 843.86, -609.06, "T", "SMD", "LEFT", "", "R", 55.12, 35.43, 0, 0],
		[5, "R1_1", 1476.58, -826.77, "T", "DIP", "3V3", "", "C", 66.93, 66.93, 43.31, 0],
		[6, "R1_1", 1476.58, -826.77, "B", "DIP", "3V3", "", "C", 66.93, 66.93, 43.31, 0],
		[7, "R1_2", 1575, -826.77, "T", "DIP", "VOLUME", "", "C", 66.93, 66.93, 43.31, 0],
		[8, "R1_2", 1575, -826.77, "B", "DIP", "VOLUME", "", "C", 66.93, 66.93, 43.31, 0],
		[9, "R1_3", 1673.43, -826.77, "T", "DIP", "GND", "GND", "C", 66.93, 66.93, 43.31, 0],
		[10, "R1_3", 1673.43, -826.77, "B", "DIP", "GND", "GND", "C", 66.93, 66.93, 43.31, 0],
		[11, "R1_4", 1771.85, -551.18, "T", "DIP", "GND", "GND", "O", 118.11, 129.92, 90.55, 0],
		[12, "R1_4", 1771.85, -551.18, "B", "DIP", "GND", "GND", "O", 118.11, 129.92, 90.55, 0],
		[13, "R1_5", 1378.15, -551.18, "T", "DIP", "GND", "GND", "O", 118.11, 129.92, 90.55, 0],
		[14, "R1_5", 1378.15, -551.18, "B", "DIP", "GND", "GND", "O", 118.11, 129.92, 90.55, 0],
		[15, "R3_1", 1089.37, -840, "B", "SMD", "3V3", "", "R", 44.59, 54.21, 0, 180],
		[16, "R3_2", 1010.63, -840, "B", "SMD", "DAT1", "", "R", 44.59, 54.21, 0, 180],
		[17, "R4_1", 860.63, -840, "B", "SMD", "DAT0", "", "R", 44.59, 54.21, 0, 0],
		[18, "R4_2", 939.37, -840, "B", "SMD", "3V3", "", "R", 44.59, 54.21, 0, 0],
		[19, "R5_1", 710.63, -840, "B", "SMD", "3V3", "", "R", 44.59, 54.21, 0, 0],
		[20, "R5_2", 789.37, -840, "B", "SMD", "CLK", "", "R", 44.59, 54.21, 0, 0],
		[21, "R6_1", 560.63, -840, "B", "SMD", "3V3", "", "R", 44.59, 54.21, 0, 0],
		[22, "R6_2", 639.37, -840, "B", "SMD", "CMD", "", "R", 44.59, 54.21, 0, 0],
		[23, "R8_1", 544.34, -330.52, "B", "SMD", "3V3", "", "R", 44.59, 54.21, 0, 90],
		[24, "R8_2", 544.34, -251.78, "B", "SMD", "DAT2", "", "R", 44.59, 54.21, 0, 90],
		[25, "R9_1", 445, -329.37, "B", "SMD", "GND", "GND", "R", 44.59, 54.21, 0, 90],
		[26, "R9_2", 445, -250.63, "B", "SMD", "CD/DAT3", "", "R", 44.59, 54.21, 0, 90],
		[27, "RIGHT_1", 2306.14, -490.94, "T", "SMD", "GND", "GND", "R", 55.12, 35.43, 0, 0],
		[28, "RIGHT_2", 2573.86, -490.94, "T", "SMD", "GND", "GND", "R", 55.12, 35.43, 0, 0],
		[29, "RIGHT_3", 2306.14, -609.06, "T", "SMD", "$1N966", "", "R", 55.12, 35.43, 0, 0],
		[30, "RIGHT_4", 2573.86, -609.06, "T", "SMD", "$1N966", "", "R", 55.12, 35.43, 0, 0],
		[31, "SCREW1_1", 200, -551.18, "T", "DIP", "GND", "GND", "C", 126, 126, 126, 0],
		[32, "SCREW1_1", 200, -551.18, "B", "DIP", "GND", "GND", "C", 126, 126, 126, 0],
		[33, "SCREW2_1", 2949.61, -551.18, "T", "DIP", "GND", "GND", "C", 126, 126, 126, 0],
		[34, "SCREW2_1", 2949.61, -551.18, "B", "DIP", "GND", "GND", "C", 126, 126, 126, 0],
		[35, "SD_1", 2326.84, -110, "T", "DIP", "GND", "GND", "R", 70.87, 70.87, 47.24, 0],
		[36, "SD_1", 2326.84, -110, "B", "DIP", "GND", "GND", "R", 70.87, 70.87, 47.24, 0],
		[37, "SD_2", 2426.84, -110, "T", "DIP", "DAT2", "", "C", 70.87, 70.87, 47.24, 0],
		[38, "SD_2", 2426.84, -110, "B", "DIP", "DAT2", "", "C", 70.87, 70.87, 47.24, 0],
		[39, "SD_3", 2526.84, -110, "T", "DIP", "CD/DAT3", "", "C", 70.87, 70.87, 47.24, 0],
		[40, "SD_3", 2526.84, -110, "B", "DIP", "CD/DAT3", "", "C", 70.87, 70.87, 47.24, 0],
		[41, "SD_4", 2626.84, -110, "T", "DIP", "CMD", "", "C", 70.87, 70.87, 47.24, 0],
		[42, "SD_4", 2626.84, -110, "B", "DIP", "CMD", "", "C", 70.87, 70.87, 47.24, 0],
		[43, "SD_5", 2726.84, -110, "T", "DIP", "3V3", "", "C", 70.87, 70.87, 47.24, 0],
		[44, "SD_5", 2726.84, -110, "B", "DIP", "3V3", "", "C", 70.87, 70.87, 47.24, 0],
		[45, "SD_6", 2826.84, -110, "T", "DIP", "CLK", "", "C", 70.87, 70.87, 47.24, 0],
		[46, "SD_6", 2826.84, -110, "B", "DIP", "CLK", "", "C", 70.87, 70.87, 47.24, 0],
		[47, "SD_7", 2926.84, -110, "T", "DIP", "DAT0", "", "C", 70.87, 70.87, 47.24, 0],
		[48, "SD_7", 2926.84, -110, "B", "DIP", "DAT0", "", "C", 70.87, 70.87, 47.24, 0],
		[49, "SD_8", 3026.84, -110, "T", "DIP", "DAT1", "", "C", 70.87, 70.87, 47.24, 0],
		[50, "SD_8", 3026.84, -110, "B", "DIP", "DAT1", "", "C", 70.87, 70.87, 47.24, 0],
		[51, "U1_1", 2040, -110, "T", "DIP", "U1_1", "", "C", 66.93, 66.93, 39.37, 180],
		[52, "U1_1", 2040, -110, "B", "DIP", "U1_1", "", "C", 66.93, 66.93, 39.37, 180],
		[53, "U1_2", 1940, -110, "T", "DIP", "U1_2", "", "C", 66.93, 66.93, 39.37, 180],
		[54, "U1_2", 1940, -110, "B", "DIP", "U1_2", "", "C", 66.93, 66.93, 39.37, 180],
		[55, "U1_3", 1840, -110, "T", "DIP", "U1_3", "", "C", 66.93, 66.93, 39.37, 180],
		[56, "U1_3", 1840, -110, "B", "DIP", "U1_3", "", "C", 66.93, 66.93, 39.37, 180],
		[57, "U1_4", 1740, -110, "T", "DIP", "U1_4", "", "C", 66.93, 66.93, 39.37, 180],
		[58, "U1_4", 1740, -110, "B", "DIP", "U1_4", "", "C", 66.93, 66.93, 39.37, 180],
		[59, "U1_5", 1640, -110, "T", "DIP", "U1_5", "", "C", 66.93, 66.93, 39.37, 180],
		[60, "U1_5", 1640, -110, "B", "DIP", "U1_5", "", "C", 66.93, 66.93, 39.37, 180],
		[61, "U1_6", 1540, -110, "T", "DIP", "U1_6", "", "C", 66.93, 66.93, 39.37, 180],
		[62, "U1_6", 1540, -110, "B", "DIP", "U1_6", "", "C", 66.93, 66.93, 39.37, 180],
		[63, "U1_7", 1440, -110, "T", "DIP", "U1_7", "", "C", 66.93, 66.93, 39.37, 180],
		[64, "U1_7", 1440, -110, "B", "DIP", "U1_7", "", "C", 66.93, 66.93, 39.37, 180],
		[65, "U1_8", 1340, -110, "T", "DIP", "U1_8", "", "C", 66.93, 66.93, 39.37, 180],
		[66, "U1_8", 1340, -110, "B", "DIP", "U1_8", "", "C", 66.93, 66.93, 39.37, 180],
		[67, "U1_9", 1240, -110, "T", "DIP", "U1_9", "", "C", 66.93, 66.93, 39.37, 180],
		[68, "U1_9", 1240, -110, "B", "DIP", "U1_9", "", "C", 66.93, 66.93, 39.37, 180],
		[69, "U1_10", 1140, -110, "T", "DIP", "U1_10", "", "C", 66.93, 66.93, 39.37, 180],
		[70, "U1_10", 1140, -110, "B", "DIP", "U1_10", "", "C", 66.93, 66.93, 39.37, 180],
		[71, "U1_11", 1040, -110, "T", "DIP", "GND", "GND", "R", 66.93, 66.93, 39.37, 180],
		[72, "U1_11", 1040, -110, "B", "DIP", "GND", "GND", "R", 66.93, 66.93, 39.37, 180],
		[73, "U1_12", 940, -110, "T", "DIP", "U1_12", "", "C", 66.93, 66.93, 39.37, 180],
		[74, "U1_12", 940, -110, "B", "DIP", "U1_12", "", "C", 66.93, 66.93, 39.37, 180],
		[75, "U1_13", 840, -110, "T", "DIP", "U1_13", "", "C", 66.93, 66.93, 39.37, 180],
		[76, "U1_13", 840, -110, "B", "DIP", "U1_13", "", "C", 66.93, 66.93, 39.37, 180],
		[77, "U1_14", 740, -110, "T", "DIP", "U1_14", "", "C", 66.93, 66.93, 39.37, 180],
		[78, "U1_14", 740, -110, "B", "DIP", "U1_14", "", "C", 66.93, 66.93, 39.37, 180],
		[79, "U1_15", 640, -110, "T", "DIP", "U1_15", "", "C", 66.93, 66.93, 39.37, 180],
		[80, "U1_15", 640, -110, "B", "DIP", "U1_15", "", "C", 66.93, 66.93, 39.37, 180],
		[81, "U1_16", 540, -110, "T", "DIP", "DAT2", "", "C", 66.93, 66.93, 39.37, 180],
		[82, "U1_16", 540, -110, "B", "DIP", "DAT2", "", "C", 66.93, 66.93, 39.37, 180],
		[83, "U1_17", 440, -110, "T", "DIP", "CD/DAT3", "", "C", 66.93, 66.93, 39.37, 180],
		[84, "U1_17", 440, -110, "B", "DIP", "CD/DAT3", "", "C", 66.93, 66.93, 39.37, 180],
		[85, "U1_18", 340, -110, "T", "DIP", "3V3", "", "C", 60, 60, 36, 0],
		[86, "U1_18", 340, -110, "B", "DIP", "3V3", "", "C", 60, 60, 36, 0],
		[87, "U1_19", 165, -110, "T", "DIP", "U1_19", "", "C", 66.93, 66.93, 39.37, 180],
		[88, "U1_19", 165, -110, "B", "DIP", "U1_19", "", "C", 66.93, 66.93, 39.37, 180],
		[89, "U1_20", 65, -110, "T", "DIP", "GND", "GND", "R", 66.93, 66.93, 39.37, 180],
		[90, "U1_20", 65, -110, "B", "DIP", "GND", "GND", "R", 66.93, 66.93, 39.37, 180],
		[91, "U1_21", 2040, -1010, "T", "DIP", "DIN", "", "C", 66.93, 66.93, 39.37, 180],
		[92, "U1_21", 2040, -1010, "B", "DIP", "DIN", "", "C", 66.93, 66.93, 39.37, 180],
		[93, "U1_22", 1940, -1010, "T", "DIP", "BCLK", "", "C", 66.93, 66.93, 39.37, 180],
		[94, "U1_22", 1940, -1010, "B", "DIP", "BCLK", "", "C", 66.93, 66.93, 39.37, 180],
		[95, "U1_23", 1840, -1010, "T", "DIP", "LRC", "", "C", 66.93, 66.93, 39.37, 180],
		[96, "U1_23", 1840, -1010, "B", "DIP", "LRC", "", "C", 66.93, 66.93, 39.37, 180],
		[97, "U1_24", 1740, -1010, "T", "DIP", "LEFT", "", "C", 66.93, 66.93, 39.37, 180],
		[98, "U1_24", 1740, -1010, "B", "DIP", "LEFT", "", "C", 66.93, 66.93, 39.37, 180],
		[99, "U1_25", 1640, -1010, "T", "DIP", "VOLUME", "", "C", 66.93, 66.93, 39.37, 180],
		[100, "U1_25", 1640, -1010, "B", "DIP", "VOLUME", "", "C", 66.93, 66.93, 39.37, 180],
		[101, "U1_26", 1540, -1010, "T", "DIP", "$1N966", "", "C", 66.93, 66.93, 39.37, 180],
		[102, "U1_26", 1540, -1010, "B", "DIP", "$1N966", "", "C", 66.93, 66.93, 39.37, 180],
		[103, "U1_27", 1440, -1010, "T", "DIP", "U1_27", "", "C", 66.93, 66.93, 39.37, 180],
		[104, "U1_27", 1440, -1010, "B", "DIP", "U1_27", "", "C", 66.93, 66.93, 39.37, 180],
		[105, "U1_28", 1340, -1010, "T", "DIP", "U1_28", "", "C", 66.93, 66.93, 39.37, 180],
		[106, "U1_28", 1340, -1010, "B", "DIP", "U1_28", "", "C", 66.93, 66.93, 39.37, 180],
		[107, "U1_29", 1240, -1010, "T", "DIP", "U1_29", "", "C", 66.93, 66.93, 39.37, 180],
		[108, "U1_29", 1240, -1010, "B", "DIP", "U1_29", "", "C", 66.93, 66.93, 39.37, 180],
		[109, "U1_30", 1140, -1010, "T", "DIP", "U1_30", "", "C", 66.93, 66.93, 39.37, 180],
		[110, "U1_30", 1140, -1010, "B", "DIP", "U1_30", "", "C", 66.93, 66.93, 39.37, 180],
		[111, "U1_31", 1040, -1010, "T", "DIP", "U1_31", "", "C", 66.93, 66.93, 39.37, 180],
		[112, "U1_31", 1040, -1010, "B", "DIP", "U1_31", "", "C", 66.93, 66.93, 39.37, 180],
		[113, "U1_32", 940, -1010, "T", "DIP", "DAT1", "", "C", 66.93, 66.93, 39.37, 180],
		[114, "U1_32", 940, -1010, "B", "DIP", "DAT1", "", "C", 66.93, 66.93, 39.37, 180],
		[115, "U1_33", 840, -1010, "T", "DIP", "DAT0", "", "C", 66.93, 66.93, 39.37, 180],
		[116, "U1_33", 840, -1010, "B", "DIP", "DAT0", "", "C", 66.93, 66.93, 39.37, 180],
		[117, "U1_34", 740, -1010, "T", "DIP", "CLK", "", "C", 66.93, 66.93, 39.37, 180],
		[118, "U1_34", 740, -1010, "B", "DIP", "CLK", "", "C", 66.93, 66.93, 39.37, 180],
		[119, "U1_35", 640, -1010, "T", "DIP", "CMD", "", "C", 66.93, 66.93, 39.37, 180],
		[120, "U1_35", 640, -1010, "B", "DIP", "CMD", "", "C", 66.93, 66.93, 39.37, 180],
		[121, "U4_1", 2475, -295, "T", "DIP", "LRC", "", "C", 78.74, 78.74, 36, 0],
		[122, "U4_1", 2475, -295, "B", "DIP", "LRC", "", "C", 78.74, 78.74, 36, 0],
		[123, "U4_2", 2575, -295, "T", "DIP", "BCLK", "", "C", 78.74, 78.74, 36, 0],
		[124, "U4_2", 2575, -295, "B", "DIP", "BCLK", "", "C", 78.74, 78.74, 36, 0],
		[125, "U4_3", 2675, -295, "T", "DIP", "DIN", "", "C", 78.74, 78.74, 36, 0],
		[126, "U4_3", 2675, -295, "B", "DIP", "DIN", "", "C", 78.74, 78.74, 36, 0],
		[127, "U4_4", 2770, -295, "T", "DIP", "GND", "GND", "C", 78.74, 78.74, 36, 0],
		[128, "U4_4", 2770, -295, "B", "DIP", "GND", "GND", "C", 78.74, 78.74, 36, 0],
		[129, "U4_5", 2865, -295, "T", "DIP", "U4_5", "", "C", 78.74, 78.74, 36, 0],
		[130, "U4_5", 2865, -295, "B", "DIP", "U4_5", "", "C", 78.74, 78.74, 36, 0],
		[131, "U4_6", 2960, -295, "T", "DIP", "GND", "GND", "C", 78.74, 78.74, 36, 0],
		[132, "U4_6", 2960, -295, "B", "DIP", "GND", "GND", "C", 78.74, 78.74, 36, 0],
		[133, "U4_7", 3055, -295, "T", "DIP", "3V3", "", "C", 78.74, 78.74, 36, 0],
		[134, "U4_7", 3055, -295, "B", "DIP", "3V3", "", "C", 78.74, 78.74, 36, 0]
	]
}
}