{
"lengthUnit": "mil",
"components": {
	"fields": ["COMPONENT_NO", "COMPONENT_NAME", "LAYER", "X_COORDINATE", "Y_COORDINATE", "ANGLE"],
	"rows": [
		[1, "BOOT", "T", 1115, -810, 0],
		[2, "C1", "T", 475, -541.51, 90],
		[3, "C2", "T", 1125, -380, 270],
		[4, "C3", "T", 1205, -380, 270],
		[5, "C4", "T", 910, -235, 90],
		[6, "C5", "T", 880, -835, 0],
		[7, "C6", "T", 1020, -685, 90],
		[8, "C7", "T", 1045, -380, 270],
		[9, "C8", "T", 460, -341.51, 90],
		[10, "C9", "T", 1225, -540, 270],
		[11, "CN1", "T", 160, -540, 270],
		[12, "CN2", "T", 195, -180, 270],
		[13, "D3", "T", 395, -710, 180],
		[14, "LED1", "T", 345, -60, 0],
		[15, "LED2", "T", 520, -60, 0],
		[16, "Lipo/NiMH", "T", 820, -595, 0],
		[17, "Q1", "T", 790, -275, 180],
		[18, "R1", "T", 85, -795, 0],
		[19, "R2", "T", 210, -795, 180],
		[20, "R3", "T", 1245, -235, 90],
		[21, "R6", "T", 784.53, -174.48, 0],
		[22, "R7", "T", 562.87, -609.28, 90],
		[23, "R8", "T", 632.87, -610, 90],
		[24, "R9", "T", 460, -205, 270],
		[25, "R11", "T", 640, -205, 270],
		[26, "R12", "T", 550, -205, 270],
		[27, "R15", "T", 860, -440, 90],
		[28, "R16", "T", 780, -440, 270],
		[29, "RESET", "T", 1110, -225, 0],
		[30, "SCREW1", "T", 157.48, -916.89, 0],
		[31, "SCREW2", "T", 2204.72, -78.74, 0],
		[32, "U1", "T", 1680, -515, 270],
		[33, "U3", "T", 1055, -560, 180],
		[34, "U5", "T", 1190, -670, 180],
		[35, "U6", "T", 597.87, -455.47, 0],
		[36, "PAD1", "T", 2040, -65, 0],
		[37, "PAD1", "B", 2040, -65, 0],
		[38, "PAD2", "T", 1940, -65, 0],
		[39, "PAD2", "B", 1940, -65, 0],
		[40, "PAD3", "T", 1840, -65, 0],
		[41, "PAD3", "B", 1840, -65, 0],
		[42, "PAD4", "T", 1740, -65, 0],
		[43, "PAD4", "B", 1740, -65, 0],
		[44, "PAD5", "T", 1640, -65, 0],
		[45, "PAD5", "B", 1640, -65, 0],
		[46, "PAD6", "T", 1540, -65, 0],
		[47, "PAD6", "B", 1540, -65, 0],
		[48, "PAD7", "T", 1440, -65, 0],
		[49, "PAD7", "B", 1440, -65, 0],
		[50, "PAD8", "T", 1340, -65, 0],
		[51, "PAD8", "B", 1340, -65, 0],
		[52, "PAD9", "T", 1240, -65, 0],
		[53, "PAD9", "B", 1240, -65, 0],
		[54, "PAD10", "T", 1140, -65, 0],
		[55, "PAD10", "B", 1140, -65, 0],
		[56, "PAD11", "T", 1040, -65, 0],
		[57, "PAD11", "B", 1040, -65, 0],
		[58, "PAD12", "T", 940, -65, 0],
		[59, "PAD12", "B", 940, -65, 0],
		[60, "PAD13", "T", 840, -65, 0],
		[61, "PAD13", "B", 840, -65, 0],
		[62, "PAD14", "T", 740, -65, 0],
		[63, "PAD14", "B", 740, -65, 0],
		[64, "PAD15", "T", 640, -65, 0],
		[65, "PAD15", "B", 640, -65, 0],
		[66, "PAD16", "T", 440, -965, 0],
		[67, "PAD16", "B", 440, -965, 0],
		[68, "PAD17", "T", 540, -965, 0],
		[69, "PAD17", "B", 540, -965, 0],
		[70, "PAD18", "T", 640, -965, 0],
		[71, "PAD18", "B", 640, -965, 0],
		[72, "PAD19", "T", 740, -965, 0],
		[73, "PAD19", "B", 740, -965, 0],
		[74, "PAD20", "T", 840, -965, 0],
		[75, "PAD20", "B", 840, -965, 0],
		[76, "PAD21", "T", 940, -965, 0],
		[77, "PAD21", "B", 940, -965, 0],
		[78, "PAD22", "T", 1040, -965, 0],
		[79, "PAD22", "B", 1040, -965, 0],
		[80, "PAD23", "T", 1140, -965, 0],
		[81, "PAD23", "B", 1140, -965, 0],
		[82, "PAD24", "T", 1240, -965, 0],
		[83, "PAD24", "B", 1240, -965, 0],
		[84, "PAD25", "T", 1340, -965, 0],
		[85, "PAD25", "B", 1340, -965, 0],
		[86, "PAD26", "T", 1440, -965, 0],
		[87, "PAD26", "B", 1440, -965, 0],
		[88, "PAD27", "T", 1540, -965, 0],
		[89, "PAD27", "B", 1540, -965, 0],
		[90, "PAD28", "T", 1640, -965, 0],
		[91, "PAD28", "B", 1640, -965, 0],
		[92, "PAD29", "T", 1740, -965, 0],
		[93, "PAD29", "B", 1740, -965, 0],
		[94, "PAD30", "T", 1840, -965, 0],
		[95, "PAD30", "B", 1840, -965, 0],
		[96, "PAD31", "T", 1940, -965, 0],
		[97, "PAD31", "B", 1940, -965, 0],
		[98, "PAD32", "T", 2040, -965, 0],
		[99, "PAD32", "B", 2040, -965, 0],
		[100, "PAD33", "T", 340, -965, 0],
		[101, "PAD33", "B", 340, -965, 0],
		[102, "PAD34", "T", 550, -770, 0],
		[103, "PAD34", "B", 550, -770, 0]
	]
},
"pins": {
	"fields": ["PIN_NO", "PIN_NAME", "PIN_X", "PIN_Y", "LAYER", "PIN_TYPE", "NET_NAME", "NET_TYPE", "PAD_SHAPE", "PAD_SIZEX", "PAD_SIZEY", "HOLE_SIZE", "PAD_ANGLE"],
	"rows": [
		[1, "BOOT_1", 1044.13, -839.53, "T", "SMD", "$1N5906", "", "R", 59.05, 43.31, 0, 0],
		[2, "BOOT_2", 1185.87, -839.53, "T", "SMD", "$1N5906", "", "R", 59.05, 43.31, 0, 0],
		[3, "BOOT_3", 1044.13, -780.47, "T", "SMD", "GND", "GND", "R", 59.05, 43.31, 0, 0],
		[4, "BOOT_4", 1185.87, -780.47, "T", "SMD", "GND", "GND", "R", 59.05, 43.31, 0, 0],
		[5, "C1_1", 475, -569.07, "T", "SMD", "GND", "GND", "R", 31.5, 35.43, 0, 90],
		[6, "C1_2", 475, -513.95, "T", "SMD", "5V_USB", "", "R", 31.5, 35.43, 0, 90],
		[7, "C2_1", 1125, -352.44, "T", "SMD", "GND", "GND", "R", 31.5, 35.43, 0, 270],
		[8, "C2_2", 1125, -407.56, "T", "SMD", "3V3", "", "R", 31.5, 35.43, 0, 270],
		[9, "C3_1", 1205, -352.44, "T", "SMD", "GND", "GND", "R", 31.5, 35.43, 0, 270],
		[10, "C3_2", 1205, -407.56, "T", "SMD", "3V3", "", "R", 31.5, 35.43, 0, 270],
		[11, "C4_1", 910, -262.56, "T", "SMD", "GND", "GND", "R", 31.5, 35.43, 0, 90],
		[12, "C4_2", 910, -207.44, "T", "SMD", "$1N5784", "", "R", 31.5, 35.43, 0, 90],
		[13, "C5_1", 852.44, -835, "T", "SMD", "GND", "GND", "R", 31.5, 35.43, 0, 0],
		[14, "C5_2", 907.56, -835, "T", "SMD", "$1N5906", "", "R", 31.5, 35.43, 0, 0],
		[15, "C6_1", 1020, -712.56, "T", "SMD", "GND", "GND", "R", 31.5, 35.43, 0, 90],
		[16, "C6_2", 1020, -657.44, "T", "SMD", "VIN", "", "R", 31.5, 35.43, 0, 90],
		[17, "C7_1", 1045, -352.44, "T", "SMD", "GND", "GND", "R", 31.5, 35.43, 0, 270],
		[18, "C7_2", 1045, -407.56, "T", "SMD", "3V3", "", "R", 31.5, 35.43, 0, 270],
		[19, "C8_1", 460, -369.07, "T", "SMD", "GND", "GND", "R", 31.5, 35.43, 0, 90],
		[20, "C8_2", 460, -313.95, "T", "SMD", "VBAT", "", "R", 31.5, 35.43, 0, 90],
		[21, "C9_1", 1225, -512.44, "T", "SMD", "GND", "GND", "R", 31.5, 35.43, 0, 270],
		[22, "C9_2", 1225, -567.56, "T", "SMD", "VIN", "", "R", 31.5, 35.43, 0, 270],
		[23, "CN1_1", 253.5, -414.01, "T", "SMD", "GND", "GND", "R", 21.65, 43.31, 0, 270],
		[24, "CN1_2", 253.5, -445.52, "T", "SMD", "5V_USB", "", "R", 21.65, 43.31, 0, 270],
		[25, "CN1_3", 253.5, -471.11, "T", "SMD", "CN1_3", "", "R", 11.81, 43.31, 0, 270],
		[26, "CN1_4", 253.5, -490.79, "T", "SMD", "CC1", "", "R", 11.81, 43.31, 0, 270],
		[27, "CN1_5", 253.5, -510.48, "T", "SMD", "DN", "", "R", 11.81, 43.31, 0, 270],
		[28, "CN1_6", 253.5, -530.15, "T", "SMD", "DP", "", "R", 11.81, 43.31, 0, 270],
		[29, "CN1_7", 253.5, -549.85, "T", "SMD", "DN", "", "R", 11.81, 43.31, 0, 270],
		[30, "CN1_8", 253.5, -569.52, "T", "SMD", "DP", "", "R", 11.81, 43.31, 0, 270],
		[31, "CN1_9", 253.5, -589.22, "T", "SMD", "CN1_9", "", "R", 11.81, 43.31, 0, 270],
		[32, "CN1_10", 253.5, -608.9, "T", "SMD", "CC2", "", "R", 11.81, 43.31, 0, 270],
		[33, "CN1_11", 253.5, -634.5, "T", "SMD", "5V_USB", "", "R", 21.65, 43.31, 0, 270],
		[34, "CN1_12", 253.5, -665.99, "T", "SMD", "GND", "GND", "R", 21.65, 43.31, 0, 270],
		[35, "CN1_13", 231.85, -369.72, "T", "DIP", "GND", "GND", "O", 43.31, 78.74, 59.05, 270],
		[36, "CN1_13", 231.85, -369.72, "B", "DIP", "GND", "GND", "O", 43.31, 78.74, 59.05, 270],
		[37, "CN1_13", 66.49, -369.72, "T", "DIP", "GND", "GND", "O", 47.24, 70.87, 47.24, 270],
		[38, "CN1_13", 66.49, -369.72, "B", "DIP", "GND", "GND", "O", 47.24, 70.87, 47.24, 270],
		[39, "CN1_14", 231.86, -710.28, "T", "DIP", "GND", "GND", "O", 43.31, 78.74, 59.06, 270],
		[40, "CN1_14", 231.86, -710.28, "B", "DIP", "GND", "GND", "O", 43.31, 78.74, 59.06, 270],
		[41, "CN1_14", 66.5, -710.28, "T", "DIP", "GND", "GND", "O", 47.24, 70.87, 47.24, 270],
		[42, "CN1_14", 66.5, -710.28, "B", "DIP", "GND", "GND", "O", 47.24, 70.87, 47.24, 270],
		[43, "CN2_1", 240.53, -219.45, "T", "SMD", "GND", "GND", "R", 39.37, 236.22, 0, 270],
		[44, "CN2_2", 240.53, -140.71, "T", "SMD", "VBAT", "", "R", 39.37, 236.22, 0, 270],
		[45, "CN2_3", 149.47, -48.11, "T", "SMD", "GND", "GND", "R", 70.87, 133.86, 0, 270],
		[46, "CN2_4", 149.47, -311.89, "T", "SMD", "GND", "GND", "R", 70.87, 133.86, 0, 270],
		[47, "D3_1", 456.02, -710, "T", "SMD", "VIN", "", "R", 39.37, 47.24, 0, 180],
		[48, "D3_2", 333.98, -710, "T", "SMD", "5V_USB", "", "R", 39.37, 47.24, 0, 180],
		[49, "LED1_1", 386.35, -60, "T", "SMD", "$1N25594", "", "R", 39.37, 55.1, 0, 180],
		[50, "LED1_2", 303.65, -60, "T", "SMD", "STAT2", "", "R", 39.37, 55.1, 0, 180],
		[51, "LED2_1", 561.35, -60, "T", "SMD", "$1N25469", "", "R", 39.37, 55.1, 0, 180],
		[52, "LED2_2", 478.65, -60, "T", "SMD", "STAT1", "", "R", 39.37, 55.1, 0, 180],
		[53, "Lipo/NiMH_1", 780.63, -537.91, "T", "SMD", "LIPO", "", "R", 27.56, 59.05, 0, 0],
		[54, "Lipo/NiMH_2", 820, -537.91, "T", "SMD", "CHM_TMR", "", "R", 27.56, 59.05, 0, 0],
		[55, "Lipo/NiMH_3", 859.37, -537.91, "T", "SMD", "NIMH", "", "R", 27.56, 59.05, 0, 0],
		[56, "Lipo/NiMH_4", 711.73, -565.47, "T", "SMD", "GND", "GND", "R", 39.37, 31.5, 0, 0],
		[57, "Lipo/NiMH_4", 711.73, -652.09, "T", "SMD", "GND", "GND", "R", 39.37, 31.5, 0, 0],
		[58, "Lipo/NiMH_5", 928.27, -565.47, "T", "SMD", "GND", "GND", "R", 39.37, 31.5, 0, 0],
		[59, "Lipo/NiMH_5", 928.27, -652.09, "T", "SMD", "GND", "GND", "R", 39.37, 31.5, 0, 0],
		[60, "Q1_1", 750.63, -237.6, "T", "SMD", "5V_USB", "", "R", 49.21, 27.56, 0, 180],
		[61, "Q1_2", 750.63, -312.4, "T", "SMD", "VBAT", "", "R", 49.21, 27.56, 0, 180],
		[62, "Q1_3", 829.37, -275, "T", "SMD", "VIN", "", "R", 49.21, 27.56, 0, 180],
		[63, "R1_1", 55.34, -795, "T", "SMD", "GND", "GND", "R", 31.75, 34.02, 0, 0],
		[64, "R1_2", 114.66, -795, "T", "SMD", "CC1", "", "R", 31.75, 34.02, 0, 0],
		[65, "R2_1", 239.66, -795, "T", "SMD", "GND", "GND", "R", 31.75, 34.02, 0, 180],
		[66, "R2_2", 180.34, -795, "T", "SMD", "CC2", "", "R", 31.75, 34.02, 0, 180],
		[67, "R3_1", 1245, -264.66, "T", "SMD", "3V3", "", "R", 31.75, 34.02, 0, 90],
		[68, "R3_2", 1245, -205.34, "T", "SMD", "$1N5784", "", "R", 31.75, 34.02, 0, 90],
		[69, "R6_1", 754.87, -174.48, "T", "SMD", "5V_USB", "", "R", 31.75, 34.02, 0, 0],
		[70, "R6_2", 814.19, -174.48, "T", "SMD", "GND", "GND", "R", 31.75, 34.02, 0, 0],
		[71, "R7_1", 562.87, -638.94, "T", "SMD", "GND", "GND", "R", 31.75, 34.02, 0, 90],
		[72, "R7_2", 562.87, -579.62, "T", "SMD", "ISET", "", "R", 31.75, 34.02, 0, 90],
		[73, "R8_1", 632.87, -639.66, "T", "SMD", "GND", "GND", "R", 31.75, 34.02, 0, 90],
		[74, "R8_2", 632.87, -580.34, "T", "SMD", "TS", "", "R", 31.75, 34.02, 0, 90],
		[75, "R9_1", 460, -175.34, "T", "SMD", "GND", "GND", "R", 31.75, 34.02, 0, 270],
		[76, "R9_2", 460, -234.66, "T", "SMD", "VSET", "", "R", 31.75, 34.02, 0, 270],
		[77, "R11_1", 640, -175.34, "T", "SMD", "$1N25469", "", "R", 31.75, 34.02, 0, 270],
		[78, "R11_2", 640, -234.66, "T", "SMD", "VBAT", "", "R", 31.75, 34.02, 0, 270],
		[79, "R12_1", 550, -175.34, "T", "SMD", "$1N25594", "", "R", 31.75, 34.02, 0, 270],
		[80, "R12_2", 550, -234.66, "T", "SMD", "VBAT", "", "R", 31.75, 34.02, 0, 270],
		[81, "R15_1", 860, -469.66, "T", "SMD", "NIMH", "", "R", 31.75, 34.02, 0, 90],
		[82, "R15_2", 860, -410.34, "T", "SMD", "GND", "GND", "R", 31.75, 34.02, 0, 90],
		[83, "R16_1", 780, -410.34, "T", "SMD", "GND", "GND", "R", 31.75, 34.02, 0, 270],
		[84, "R16_2", 780, -469.66, "T", "SMD", "LIPO", "", "R", 31.75, 34.02, 0, 270],
		[85, "RESET_1", 1039.13, -254.53, "T", "SMD", "GND", "GND", "R", 59.05, 43.31, 0, 0],
		[86, "RESET_2", 1180.87, -254.53, "T", "SMD", "GND", "GND", "R", 59.05, 43.31, 0, 0],
		[87, "RESET_3", 1039.13, -195.47, "T", "SMD", "$1N5784", "", "R", 59.05, 43.31, 0, 0],
		[88, "RESET_4", 1180.87, -195.47, "T", "SMD", "$1N5784", "", "R", 59.05, 43.31, 0, 0],
		[89, "SCREW1_1", 157.48, -916.89, "T", "DIP", "SCREW1_1", "", "C", 78.74, 78.74, 78.74, 0],
		[90, "SCREW1_1", 157.48, -916.89, "B", "DIP", "SCREW1_1", "", "C", 78.74, 78.74, 78.74, 0],
		[91, "SCREW2_1", 2204.72, -78.74, "T", "DIP", "SCREW2_1", "", "C", 78.74, 78.74, 78.74, 0],
		[92, "SCREW2_1", 2204.72, -78.74, "B", "DIP", "SCREW2_1", "", "C", 78.74, 78.74, 78.74, 0],
		[93, "U1_1", 2030.19, -170.51, "T", "SMD", "GND", "GND", "R", 59.05, 35.43, 0, 270],
		[94, "U1_2", 1980.19, -170.51, "T", "SMD", "3V3", "", "R", 59.05, 35.43, 0, 270],
		[95, "U1_3", 1930.19, -170.51, "T", "SMD", "$1N5784", "", "R", 59.05, 35.43, 0, 270],
		[96, "U1_4", 1880.19, -170.51, "T", "SMD", "IO4", "", "R", 59.05, 35.43, 0, 270],
		[97, "U1_5", 1830.19, -170.51, "T", "SMD", "IO5", "", "R", 59.05, 35.43, 0, 270],
		[98, "U1_6", 1780.19, -170.51, "T", "SMD", "IO6", "", "R", 59.05, 35.43, 0, 270],
		[99, "U1_7", 1730.19, -170.51, "T", "SMD", "IO7", "", "R", 59.05, 35.43, 0, 270],
		[100, "U1_8", 1680.19, -170.51, "T", "SMD", "IO15", "", "R", 59.05, 35.43, 0, 270],
		[101, "U1_9", 1630.19, -170.51, "T", "SMD", "IO16", "", "R", 59.05, 35.43, 0, 270],
		[102, "U1_10", 1580.19, -170.51, "T", "SMD", "IO17", "", "R", 59.05, 35.43, 0, 270],
		[103, "U1_11", 1530.19, -170.51, "T", "SMD", "IO18", "", "R", 59.05, 35.43, 0, 270],
		[104, "U1_12", 1480.19, -170.51, "T", "SMD", "IO8", "", "R", 59.05, 35.43, 0, 270],
		[105, "U1_13", 1430.19, -170.51, "T", "SMD", "DN", "", "R", 59.05, 35.43, 0, 270],
		[106, "U1_14", 1380.19, -170.51, "T", "SMD", "DP", "", "R", 59.05, 35.43, 0, 270],
		[107, "U1_15", 1329.81, -240, "T", "SMD", "IO3", "", "R", 59.05, 35.43, 0, 0],
		[108, "U1_16", 1329.81, -290, "T", "SMD", "IO46", "", "R", 59.05, 35.43, 0, 0],
		[109, "U1_17", 1329.81, -340, "T", "SMD", "IO9", "", "R", 59.05, 35.43, 0, 0],
		[110, "U1_18", 1329.81, -390, "T", "SMD", "IO10", "", "R", 59.05, 35.43, 0, 0],
		[111, "U1_19", 1329.81, -440, "T", "SMD", "IO11", "", "R", 59.05, 35.43, 0, 0],
		[112, "U1_20", 1329.81, -490, "T", "SMD", "IO12", "", "R", 59.05, 35.43, 0, 0],
		[113, "U1_21", 1329.81, -540, "T", "SMD", "IO13", "", "R", 59.05, 35.43, 0, 0],
		[114, "U1_22", 1329.81, -590, "T", "SMD", "IO14", "", "R", 59.05, 35.43, 0, 0],
		[115, "U1_23", 1329.81, -640, "T", "SMD", "IO21", "", "R", 59.05, 35.43, 0, 0],
		[116, "U1_24", 1329.81, -690, "T", "SMD", "IO47", "", "R", 59.05, 35.43, 0, 0],
		[117, "U1_25", 1329.81, -740, "T", "SMD", "IO48", "", "R", 59.05, 35.43, 0, 0],
		[118, "U1_26", 1330.99, -790, "T", "SMD", "IO45", "", "R", 59.05, 35.43, 0, 0],
		[119, "U1_27", 1380.19, -859.49, "T", "SMD", "$1N5906", "", "R", 59.05, 35.43, 0, 90],
		[120, "U1_28", 1430.19, -859.49, "T", "SMD", "IO35", "", "R", 59.05, 35.43, 0, 90],
		[121, "U1_29", 1480.19, -859.49, "T", "SMD", "IO36", "", "R", 59.05, 35.43, 0, 90],
		[122, "U1_30", 1530.19, -859.49, "T", "SMD", "IO37", "", "R", 59.05, 35.43, 0, 90],
		[123, "U1_31", 1580.19, -859.49, "T", "SMD", "IO38", "", "R", 59.05, 35.43, 0, 90],
		[124, "U1_32", 1630.19, -859.49, "T", "SMD", "IO39", "", "R", 59.05, 35.43, 0, 90],
		[125, "U1_33", 1680.19, -859.49, "T", "SMD", "IO40", "", "R", 59.05, 35.43, 0, 90],
		[126, "U1_34", 1730.19, -859.49, "T", "SMD", "IO41", "", "R", 59.05, 35.43, 0, 90],
		[127, "U1_35", 1780.19, -859.49, "T", "SMD", "IO42", "", "R", 59.05, 35.43, 0, 90],
		[128, "U1_36", 1830.19, -859.49, "T", "SMD", "U1_36", "", "R", 59.05, 35.43, 0, 90],
		[129, "U1_37", 1880.19, -859.49, "T", "SMD", "U1_37", "", "R", 59.05, 35.43, 0, 90],
		[130, "U1_38", 1930.19, -859.49, "T", "SMD", "IO2", "", "R", 59.05, 35.43, 0, 90],
		[131, "U1_39", 1980.19, -859.49, "T", "SMD", "IO1", "", "R", 59.05, 35.43, 0, 90],
		[132, "U1_40", 2030.19, -859.49, "T", "SMD", "GND", "GND", "R", 59.05, 35.43, 0, 90],
		[133, "U1_41", 1671.13, -511.06, "T", "SMD", "GND", "GND", "R", 35.43, 35.43, 0, 0],
		[134, "U1_41", 1671.13, -455.94, "T", "SMD", "GND", "GND", "R", 35.43, 35.43, 0, 0],
		[135, "U1_41", 1671.13, -400.82, "T", "SMD", "GND", "GND", "R", 35.43, 35.43, 0, 0],
		[136, "U1_41", 1781.38, -400.82, "T", "SMD", "GND", "GND", "R", 35.43, 35.43, 0, 0],
		[137, "U1_41", 1781.38, -455.94, "T", "SMD", "GND", "GND", "R", 35.43, 35.43, 0, 0],
		[138, "U1_41", 1781.38, -511.06, "T", "SMD", "GND", "GND", "R", 35.43, 35.43, 0, 0],
		[139, "U1_41", 1726.25, -511.06, "T", "SMD", "GND", "GND", "R", 35.43, 35.43, 0, 0],
		[140, "U1_41", 1726.25, -400.82, "T", "SMD", "GND", "GND", "R", 35.43, 35.43, 0, 0],
		[141, "U1_41", 1726.25, -455.94, "T", "SMD", "GND", "GND", "R", 35.43, 35.43, 0, 0],
		[142, "U3_1", 1078.62, -538.45, "T", "SMD", "3V3", "", "R", 7.87, 13.58, 0, 180],
		[143, "U3_2", 1062.87, -538.44, "T", "SMD", "3V3", "", "R", 7.87, 13.58, 0, 180],
		[144, "U3_3", 1047.13, -538.44, "T", "SMD", "VIN", "", "R", 7.87, 13.58, 0, 180],
		[145, "U3_4", 1031.38, -538.44, "T", "SMD", "3V3", "", "R", 7.87, 13.58, 0, 180],
		[146, "U3_5", 1031.38, -581.55, "T", "SMD", "GND", "GND", "R", 7.87, 13.58, 0, 180],
		[147, "U3_6", 1047.13, -581.56, "T", "SMD", "UVLO", "", "R", 7.87, 13.58, 0, 180],
		[148, "U3_7", 1062.87, -581.56, "T", "SMD", "VIN", "", "R", 7.87, 13.58, 0, 180],
		[149, "U3_8", 1078.62, -581.56, "T", "SMD", "VIN", "", "R", 7.87, 13.58, 0, 180],
		[150, "U3_9", 1055, -560, "T", "SMD", "GND", "GND", "R", 51.18, 11.81, 0, 180],
		[151, "U5_1", 1150.63, -632.6, "T", "SMD", "GND", "GND", "R", 49.21, 27.56, 0, 180],
		[152, "U5_2", 1150.63, -707.4, "T", "SMD", "UVLO", "", "R", 49.21, 27.56, 0, 180],
		[153, "U5_3", 1229.37, -670, "T", "SMD", "VIN", "", "R", 49.21, 27.56, 0, 180],
		[154, "U6_1", 558.5, -513.24, "T", "SMD", "5V_USB", "", "R", 11.81, 33.46, 0, 0],
		[155, "U6_2", 578.19, -513.24, "T", "SMD", "ISET", "", "R", 11.81, 33.46, 0, 0],
		[156, "U6_3", 597.87, -513.24, "T", "SMD", "U6_3", "", "R", 11.81, 33.46, 0, 0],
		[157, "U6_4", 617.56, -513.24, "T", "SMD", "TS", "", "R", 11.81, 33.46, 0, 0],
		[158, "U6_5", 637.24, -513.24, "T", "SMD", "GND", "GND", "R", 11.81, 33.46, 0, 180],
		[159, "U6_6", 637.24, -397.7, "T", "SMD", "CHM_TMR", "", "R", 11.81, 31.5, 0, 180],
		[160, "U6_7", 617.56, -397.7, "T", "SMD", "STAT1", "", "R", 11.81, 31.5, 0, 180],
		[161, "U6_8", 597.87, -397.7, "T", "SMD", "STAT2", "", "R", 11.81, 31.5, 0, 180],
		[162, "U6_9", 578.19, -397.7, "T", "SMD", "VSET", "", "R", 11.81, 31.5, 0, 0],
		[163, "U6_10", 558.5, -397.7, "T", "SMD", "VBAT", "", "R", 11.81, 31.5, 0, 0],
		[164, "U6_11", 597.87, -455.47, "T", "SMD", "GND", "GND", "P", 141.73, 64.96, 0, 0],
		[165, "PAD1_2", 2040, -65, "T", "DIP", "IO4", "", "C", 66.93, 66.93, 39.37, 180],
		[166, "PAD1_2", 2040, -65, "B", "DIP", "IO4", "", "C", 66.93, 66.93, 39.37, 180],
		[167, "PAD2_3", 1940, -65, "T", "DIP", "IO5", "", "C", 66.93, 66.93, 39.37, 180],
		[168, "PAD2_3", 1940, -65, "B", "DIP", "IO5", "", "C", 66.93, 66.93, 39.37, 180],
		[169, "PAD3_4", 1840, -65, "T", "DIP", "IO6", "", "C", 66.93, 66.93, 39.37, 180],
		[170, "PAD3_4", 1840, -65, "B", "DIP", "IO6", "", "C", 66.93, 66.93, 39.37, 180],
		[171, "PAD4_5", 1740, -65, "T", "DIP", "IO7", "", "C", 66.93, 66.93, 39.37, 180],
		[172, "PAD4_5", 1740, -65, "B", "DIP", "IO7", "", "C", 66.93, 66.93, 39.37, 180],
		[173, "PAD5_6", 1640, -65, "T", "DIP", "IO15", "", "C", 66.93, 66.93, 39.37, 180],
		[174, "PAD5_6", 1640, -65, "B", "DIP", "IO15", "", "C", 66.93, 66.93, 39.37, 180],
		[175, "PAD6_7", 1540, -65, "T", "DIP", "IO16", "", "C", 66.93, 66.93, 39.37, 180],
		[176, "PAD6_7", 1540, -65, "B", "DIP", "IO16", "", "C", 66.93, 66.93, 39.37, 180],
		[177, "PAD7_8", 1440, -65, "T", "DIP", "IO17", "", "C", 66.93, 66.93, 39.37, 180],
		[178, "PAD7_8", 1440, -65, "B", "DIP", "IO17", "", "C", 66.93, 66.93, 39.37, 180],
		[179, "PAD8_9", 1340, -65, "T", "DIP", "IO18", "", "C", 66.93, 66.93, 39.37, 180],
		[180, "PAD8_9", 1340, -65, "B", "DIP", "IO18", "", "C", 66.93, 66.93, 39.37, 180],
		[181, "PAD9_10", 1240, -65, "T", "DIP", "IO8", "", "C", 66.93, 66.93, 39.37, 180],
		[182, "PAD9_10", 1240, -65, "B", "DIP", "IO8", "", "C", 66.93, 66.93, 39.37, 180],
		[183, "PAD10_11", 1140, -65, "T", "DIP", "IO3", "", "C", 66.93, 66.93, 39.37, 180],
		[184, "PAD10_11", 1140, -65, "B", "DIP", "IO3", "", "C", 66.93, 66.93, 39.37, 180],
		[185, "PAD11_12", 1040, -65, "T", "DIP", "IO46", "", "C", 66.93, 66.93, 39.37, 180],
		[186, "PAD11_12", 1040, -65, "B", "DIP", "IO46", "", "C", 66.93, 66.93, 39.37, 180],
		[187, "PAD12_13", 940, -65, "T", "DIP", "IO9", "", "C", 66.93, 66.93, 39.37, 180],
		[188, "PAD12_13", 940, -65, "B", "DIP", "IO9", "", "C", 66.93, 66.93, 39.37, 180],
		[189, "PAD13_14", 840, -65, "T", "DIP", "IO10", "", "C", 66.93, 66.93, 39.37, 180],
		[190, "PAD13_14", 840, -65, "B", "DIP", "IO10", "", "C", 66.93, 66.93, 39.37, 180],
		[191, "PAD14_15", 740, -65, "T", "DIP", "IO11", "", "C", 66.93, 66.93, 39.37, 180],
		[192, "PAD14_15", 740, -65, "B", "DIP", "IO11", "", "C", 66.93, 66.93, 39.37, 180],
		[193, "PAD15_1", 640, -65, "T", "DIP", "IO12", "", "C", 66.93, 66.93, 39.37, 180],
		[194, "PAD15_1", 640, -65, "B", "DIP", "IO12", "", "C", 66.93, 66.93, 39.37, 180],
		[195, "PAD16_15", 440, -965, "T", "DIP", "IO13", "", "C", 66.93, 66.93, 39.37, 180],
		[196, "PAD16_15", 440, -965, "B", "DIP", "IO13", "", "C", 66.93, 66.93, 39.37, 180],
		[197, "PAD17_14", 540, -965, "T", "DIP", "IO14", "", "C", 66.93, 66.93, 39.37, 180],
		[198, "PAD17_14", 540, -965, "B", "DIP", "IO14", "", "C", 66.93, 66.93, 39.37, 180],
		[199, "PAD18_13", 640, -965, "T", "DIP", "IO21", "", "C", 66.93, 66.93, 39.37, 180],
		[200, "PAD18_13", 640, -965, "B", "DIP", "IO21", "", "C", 66.93, 66.93, 39.37, 180],
		[201, "PAD19_12", 740, -965, "T", "DIP", "IO47", "", "C", 66.93, 66.93, 39.37, 180],
		[202, "PAD19_12", 740, -965, "B", "DIP", "IO47", "", "C", 66.93, 66.93, 39.37, 180],
		[203, "PAD20_11", 840, -965, "T", "DIP", "IO48", "", "C", 66.93, 66.93, 39.37, 180],
		[204, "PAD20_11", 840, -965, "B", "DIP", "IO48", "", "C", 66.93, 66.93, 39.37, 180],
		[205, "PAD21_10", 940, -965, "T", "DIP", "IO45", "", "C", 66.93, 66.93, 39.37, 180],
		[206, "PAD21_10", 940, -965, "B", "DIP", "IO45", "", "C", 66.93, 66.93, 39.37, 180],
		[207, "PAD22_9", 1040, -965, "T", "DIP", "GND", "GND", "R", 66.93, 66.93, 39.37, 180],
		[208, "PAD22_9", 1040, -965, "B", "DIP", "GND", "GND", "R", 66.93, 66.93, 39.37, 180],
		[209, "PAD23_8", 1140, -965, "T", "DIP", "IO35", "", "C", 66.93, 66.93, 39.37, 180],
		[210, "PAD23_8", 1140, -965, "B", "DIP", "IO35", "", "C", 66.93, 66.93, 39.37, 180],
		[211, "PAD24_7", 1240, -965, "T", "DIP", "IO36", "", "C", 66.93, 66.93, 39.37, 180],
		[212, "PAD24_7", 1240, -965, "B", "DIP", "IO36", "", "C", 66.93, 66.93, 39.37, 180],
		[213, "PAD25_6", 1340, -965, "T", "DIP", "IO37", "", "C", 66.93, 66.93, 39.37, 180],
		[214, "PAD25_6", 1340, -965, "B", "DIP", "IO37", "", "C", 66.93, 66.93, 39.37, 180],
		[215, "PAD26_5", 1440, -965, "T", "DIP", "IO38", "", "C", 66.93, 66.93, 39.37, 180],
		[216, "PAD26_5", 1440, -965, "B", "DIP", "IO38", "", "C", 66.93, 66.93, 39.37, 180],
		[217, "PAD27_4", 1540, -965, "T", "DIP", "IO39", "", "C", 66.93, 66.93, 39.37, 180],
		[218, "PAD27_4", 1540, -965, "B", "DIP", "IO39", "", "C", 66.93, 66.93, 39.37, 180],
		[219, "PAD28_3", 1640, -965, "T", "DIP", "IO40", "", "C", 66.93, 66.93, 39.37, 180],
		[220, "PAD28_3", 1640, -965, "B", "DIP", "IO40", "", "C", 66.93, 66.93, 39.37, 180],
		[221, "PAD29_2", 1740, -965, "T", "DIP", "IO41", "", "C", 66.93, 66.93, 39.37, 180],
		[222, "PAD29_2", 1740, -965, "B", "DIP", "IO41", "", "C", 66.93, 66.93, 39.37, 180],
		[223, "PAD30_1", 1840, -965, "T", "DIP", "IO42", "", "C", 66.93, 66.93, 39.37, 180],
		[224, "PAD30_1", 1840, -965, "B", "DIP", "IO42", "", "C", 66.93, 66.93, 39.37, 180],
		[225, "PAD31_2", 1940, -965, "T", "DIP", "IO2", "", "C", 66.93, 66.93, 39.37, 180],
		[226, "PAD31_2", 1940, -965, "B", "DIP", "IO2", "", "C", 66.93, 66.93, 39.37, 180],
		[227, "PAD32_1", 2040, -965, "T", "DIP", "IO1", "", "C", 66.93, 66.93, 39.37, 180],
		[228, "PAD32_1", 2040, -965, "B", "DIP", "IO1", "", "C", 66.93, 66.93, 39.37, 180],
		[229, "PAD33_1", 340, -965, "T", "DIP", "3V3", "", "C", 60, 60, 36, 0],
		[230, "PAD33_1", 340, -965, "B", "DIP", "3V3", "", "C", 60, 60, 36, 0],
		[231, "PAD34_1", 550, -770, "T", "DIP", "TS", "", "C", 60, 60, 36, 0],
		[232, "PAD34_1", 550, -770, "B", "DIP", "TS", "", "C", 60, 60, 36, 0]
	]
}
}