{
"lengthUnit": "mil",
"components": {
	"fields": ["COMPONENT_NO", "COMPONENT_NAME", "LAYER", "X_COORDINATE", "Y_COORDINATE", "ANGLE"],
	"rows": [
		[1, "C1", "T", 1310.73, -930.03, 180],
		[2, "C2", "T", 1310.73, -1045.03, 0],
		[3, "CARD1", "T", 1220.47, -480, 180],
		[4, "SCREW1", "T", 236.22, -236.22, 0],
		[5, "SCREW2", "T", 236.22, -2322.4, 0],
		[6, "SCREW3", "T", 2204.72, -236.22, 0],
		[7, "SCREW4", "T", 2204.72, -2322.4, 0],
		[8, "PAD1", "T", 175, -2935, 0],
		[9, "PAD2", "T", 473.57, -2935, 0],
		[10, "PAD3", "T", 772.14, -2935, 0],
		[11, "PAD4", "T", 1070.71, -2935, 0],
		[12, "PAD5", "T", 1369.29, -2935, 0],
		[13, "PAD6", "T", 1667.86, -2935, 0],
		[14, "PAD7", "T", 1966.43, -2935, 0],
		[15, "PAD8", "T", 2265, -2935, 0]
	]
},
"pins": {
	"fields": ["PIN_NO", "PIN_NAME", "PIN_X", "PIN_Y", "LAYER", "PIN_TYPE", "NET_NAME", "NET_TYPE", "PAD_SHAPE", "PAD_SIZEX", "PAD_SIZEY", "HOLE_SIZE", "PAD_ANGLE"],
	"rows": [
		[1, "C1_1", 1350.1, -930.03, "T", "SMD", "VDD", "", "R", 55.51, 53.15, 0, 180],
		[2, "C1_2", 1271.36, -930.03, "T", "SMD", "GND", "GND", "R", 55.51, 53.15, 0, 180],
		[3, "C2_1", 1271.36, -1045.03, "T", "SMD", "GND", "GND", "R", 55.51, 53.15, 0, 0],
		[4, "C2_2", 1350.1, -1045.03, "T", "SMD", "VDD", "", "R", 55.51, 53.15, 0, 0],
		[5, "CARD1_1", 1094.49, -418.98, "T", "SMD", "DAT2", "", "R", 31.5, 60, 0, 180],
		[6, "CARD1_2", 1137.79, -418.98, "T", "SMD", "CD/DAT3", "", "R", 31.5, 60, 0, 180],
		[7, "CARD1_3", 1181.1, -418.98, "T", "SMD", "CMD", "", "R", 31.5, 60, 0, 180],
		[8, "CARD1_4", 1224.41, -418.98, "T", "SMD", "VDD", "", "R", 31.5, 60, 0, 180],
		[9, "CARD1_5", 1267.71, -418.98, "T", "SMD", "CLK", "", "R", 31.5, 60, 0, 180],
		[10, "CARD1_6", 1311.02, -418.98, "T", "SMD", "GND", "GND", "R", 31.5, 60, 0, 180],
		[11, "CARD1_7", 1354.33, -418.98, "T", "SMD", "DAT0", "", "R", 31.5, 60, 0, 180],
		[12, "CARD1_8", 1397.63, -418.98, "T", "SMD", "DAT1", "", "R", 31.5, 60, 0, 180],
		[13, "CARD1_9", 1491.14, -643.39, "T", "SMD", "GND", "GND", "R", 59.05, 78.74, 0, 180],
		[14, "CARD1_10", 1491.14, -316.61, "T", "SMD", "GND", "GND", "R", 59.05, 78.74, 0, 180],
		[15, "CARD1_11", 949.8, -643.39, "T", "SMD", "GND", "GND", "R", 59.05, 78.74, 0, 180],
		[16, "CARD1_12", 949.8, -316.61, "T", "SMD", "GND", "GND", "R", 59.05, 78.74, 0, 180],
		[17, "SCREW1_1", 236.22, -236.22, "T", "DIP", "GND", "GND", "C", 78.74, 78.74, 78.74, 0],
		[18, "SCREW1_1", 236.22, -236.22, "B", "DIP", "GND", "GND", "C", 78.74, 78.74, 78.74, 0],
		[19, "SCREW2_1", 236.22, -2322.4, "T", "DIP", "GND", "GND", "C", 78.74, 78.74, 78.74, 0],
		[20, "SCREW2_1", 236.22, -2322.4, "B", "DIP", "GND", "GND", "C", 78.74, 78.74, 78.74, 0],
		[21, "SCREW3_1", 2204.72, -236.22, "T", "DIP", "GND", "GND", "C", 78.74, 78.74, 78.74, 0],
		[22, "SCREW3_1", 2204.72, -236.22, "B", "DIP", "GND", "GND", "C", 78.74, 78.74, 78.74, 0],
		[23, "SCREW4_1", 2204.72, -2322.4, "T", "DIP", "GND", "GND", "C", 78.74, 78.74, 78.74, 0],
		[24, "SCREW4_1", 2204.72, -2322.4, "B", "DIP", "GND", "GND", "C", 78.74, 78.74, 78.74, 0],
		[25, "PAD1_999", 175, -2935, "T", "SMD", "GND", "GND", "R", 275.59, 393.7, 0, 0],
		[26, "PAD2_999", 473.57, -2935, "T", "SMD", "DAT2", "", "R", 275.59, 393.7, 0, 0],
		[27, "PAD3_999", 772.14, -2935, "T", "SMD", "CD/DAT3", "", "R", 275.59, 393.7, 0, 0],
		[28, "PAD4_999", 1070.71, -2935, "T", "SMD", "CMD", "", "R", 275.59, 393.7, 0, 0],
		[29, "PAD5_999", 1369.29, -2935, "T", "SMD", "VDD", "", "R", 275.59, 393.7, 0, 0],
		[30, "PAD6_999", 1667.86, -2935, "T", "SMD", "CLK", "", "R", 275.59, 393.7, 0, 0],
		[31, "PAD7_999", 1966.43, -2935, "T", "SMD", "DAT0", "", "R", 275.59, 393.7, 0, 0],
		[32, "PAD8_999", 2265, -2935, "T", "SMD", "DAT1", "", "R", 275.59, 393.7, 0, 0]
	]
}
}